{"cameraMode":{"drawMode":0,"name":"Shaded","section":"Shading Mode"},"sceneLighting":true,"audioPlay":false,"sceneViewState":{"showFog":true,"showMaterialUpdate":false,"showSkybox":false,"showFlares":true,"showImageEffects":true,"showParticleSystems":true},"in2DMode":false,"pivot":{"x":603.5645751953125,"y":10.327644348144532,"z":29.009586334228517},"rotation":{"x":0.32474997639656069,"y":0.30435290932655337,"z":-0.1112348809838295,"w":0.8885574340820313},"size":10.484077453613282,"orthographic":false}